,Country,Year,Total Energy Consumption (TWh),Per Capita Energy Use (kWh),Renewable Energy Share (%),Fossil Fuel Dependency (%),Industrial Energy Use (%),Household Energy Use (%),Carbon Emissions (Million Tons),Energy Price Index (USD/kWh),Total Water Consumption (Billion Cubic Meters),Per Capita Water Use (Liters per Day),Agricultural Water Use (%),Industrial Water Use (%),Household Water Use (%),Rainfall Impact (Annual Precipitation in mm),Groundwater Depletion Rate (%)
0,Australia,2000,3891.963846153846,28520.418974358978,51.23102564102564,47.349487179487184,38.05692307692308,26.329487179487177,2769.8571794871796,0.29538461538461536,545.04,296.13,54.66375,32.665,21.75625,1549.73125,2.36625
1,Australia,2001,5103.37925,25057.03525,40.703500000000005,49.09425,40.466750000000005,22.95625,2516.099,0.25575000000000003,448.229,247.55599999999998,46.922,23.326,26.131999999999998,1554.3,2.698
2,Australia,2002,6458.4962857142855,19923.462285714286,46.52428571428572,37.495999999999995,37.87657142857143,24.408285714285714,2599.101142857143,0.24828571428571428,488.00333333333333,236.6966666666667,58.88666666666666,25.145,26.34166666666667,1457.325,2.2066666666666666
3,Australia,2003,5349.397,20259.826,49.669666666666664,48.97766666666667,42.699333333333335,24.009999999999998,2397.7953333333335,0.2786666666666667,540.8100000000001,275.34166666666664,48.982499999999995,32.625,23.8275,1721.6133333333335,3.3241666666666667
4,Australia,2004,5778.616388888889,24912.972777777777,46.077777777777776,44.23638888888889,42.535555555555554,24.487777777777776,2574.218611111111,0.3025,503.86642857142857,261.0157142857143,51.07142857142857,27.650714285714287,26.55857142857143,1931.437142857143,2.2142857142857144
5,Australia,2005,4551.563636363637,26556.791818181817,44.65636363636363,47.56212121212121,39.89727272727272,23.41060606060606,2486.9490909090905,0.24454545454545457,503.61,255.90454545454543,53.11545454545455,30.747272727272726,22.643636363636364,1392.7081818181816,2.252727272727273
6,Australia,2006,4459.128604651163,25962.484418604654,43.10116279069767,45.50488372093023,39.807906976744185,24.746511627906976,2257.9674418604654,0.2644186046511628,438.3757142857143,279.74785714285713,48.026428571428575,32.059285714285714,26.485000000000003,1300.3714285714286,2.282857142857143
7,Australia,2007,5074.242093023256,26616.312325581395,43.25604651162791,46.736976744186045,42.19162790697674,25.910000000000004,2653.7913953488373,0.25465116279069766,376.92375,228.62125,53.56125,27.13625,29.6725,1529.41,3.19875
8,Australia,2008,5590.35487804878,24892.868780487806,47.440487804878046,42.083414634146344,41.13097560975609,24.516585365853658,2596.9448780487805,0.25585365853658537,511.38000000000005,238.47,55.684615384615384,23.33230769230769,26.02846153846154,1611.926923076923,2.0115384615384615
9,Australia,2009,4753.078888888888,21855.41888888889,43.986222222222224,43.50644444444444,40.028,24.12533333333333,2250.044,0.23666666666666666,442.79875,258.61625,47.38875,25.697499999999998,26.46625,980.3125,2.75375
10,Australia,2010,4393.031891891892,22231.041081081083,49.37540540540541,43.27054054054054,38.29486486486487,25.34891891891892,2626.3183783783784,0.2748648648648649,556.146,235.882,43.208,25.951999999999998,27.276999999999997,1605.123,3.443
11,Australia,2011,4743.842826086956,27791.481304347824,45.87065217391305,46.31391304347826,40.65630434782609,24.774347826086956,2557.0565217391304,0.271304347826087,467.7744444444445,281.5111111111111,52.68222222222222,30.697777777777773,22.74777777777778,1955.7888888888888,2.9166666666666665
12,Australia,2012,5042.22243902439,27735.057073170734,56.30341463414634,47.563658536585365,37.980000000000004,25.8509756097561,2739.4660975609754,0.26609756097560977,498.1664705882353,265.89882352941174,55.87176470588235,26.753529411764706,24.419999999999998,1286.4105882352942,2.429411764705882
13,Australia,2013,4996.171304347826,23350.908260869564,46.77956521739131,44.62239130434783,41.6445652173913,26.21804347826087,2717.993043478261,0.3173913043478261,426.5841666666667,258.6558333333333,53.82833333333334,32.01416666666667,20.190833333333334,1619.6325,2.85
14,Australia,2014,4939.533214285714,25364.75142857143,42.41125,48.79696428571429,38.97660714285714,26.439642857142854,2573.672857142857,0.2969642857142857,538.1064285714285,290.0314285714286,60.51285714285715,28.475714285714286,22.622142857142855,1414.902857142857,2.5228571428571427
15,Australia,2015,4921.2053703703705,24961.51851851852,48.95074074074074,43.87592592592593,37.44388888888889,24.65888888888889,2672.705740740741,0.24481481481481482,521.4066666666666,286.93333333333334,65.12444444444445,32.24444444444444,24.151111111111113,1394.2044444444446,3.2844444444444445
16,Australia,2016,4972.720588235294,25890.651470588236,50.62088235294117,43.85970588235294,41.855294117647055,22.337058823529414,2355.2926470588236,0.2520588235294118,446.722,261.39933333333335,59.50533333333333,25.971333333333334,23.109333333333332,1370.126,2.992
17,Australia,2017,5061.5668749999995,25326.741250000003,45.99520833333333,40.23916666666667,41.791666666666664,24.801666666666666,2674.0852083333334,0.25416666666666665,626.71625,314.8475,55.92,31.86375,24.643749999999997,1009.385,2.3737500000000002
18,Australia,2018,5890.945128205128,26945.71769230769,54.042051282051276,47.76205128205128,39.542307692307695,23.657692307692308,2462.941282051282,0.25461538461538463,603.2993333333333,288.71666666666664,56.09066666666667,34.11,25.418666666666663,1299.1133333333335,2.6253333333333333
19,Australia,2019,5405.1161111111105,25514.67888888889,48.1175,43.47833333333333,41.211666666666666,23.575000000000003,2677.2033333333334,0.2622222222222222,548.0716666666667,299.96,40.895,24.34,21.918333333333333,1457.0600000000002,2.598333333333333
20,Australia,2020,4703.6725,26129.686999999998,49.16675,40.378750000000004,40.5225,27.06975,2371.8305,0.24075000000000002,484.79875,292.505,48.473749999999995,23.68,27.54625,1549.61875,2.38
21,Australia,2021,5022.600256410256,28094.04846153846,43.379230769230766,46.74871794871795,38.723076923076924,23.187179487179485,2763.3005128205127,0.26076923076923075,659.451111111111,288.94888888888886,41.39111111111111,25.623333333333335,26.464444444444446,1640.8244444444445,2.0122222222222224
22,Australia,2022,5319.52025,26682.76325,46.67875,44.33525,38.423,26.02675,2748.442,0.2565,477.698125,298.385,53.025625,25.974375000000002,25.078125,1411.735625,2.84875
23,Australia,2023,4960.1241666666665,25299.5425,53.01361111111111,44.270833333333336,41.125,25.76361111111111,2942.3372222222224,0.3194444444444444,207.795,322.3866666666667,59.68833333333333,40.568333333333335,30.145,1297.5866666666668,2.5100000000000002
24,Australia,2024,5161.180681818182,24888.194545454546,49.57113636363636,49.088863636363634,39.52363636363636,25.832954545454548,2486.4713636363635,0.2925,644.005,253.959,55.513,29.457,26.868000000000002,1535.133,1.656
25,Brazil,2000,3685.2028125,29793.7040625,48.048125,47.801875,42.1934375,24.990625,2681.0678125,0.26187499999999997,535.3028571428571,254.05857142857144,48.392857142857146,21.062857142857144,25.734285714285715,1835.337142857143,2.567142857142857
26,Brazil,2001,4805.858571428572,26107.75142857143,45.09171428571429,47.10457142857143,43.53457142857143,25.58,2631.354,0.23942857142857146,639.0090909090909,200.5309090909091,54.66181818181818,34.167272727272724,21.845454545454547,1524.7645454545454,2.799090909090909
27,Brazil,2002,4724.994242424243,27610.413333333334,47.07272727272728,43.664242424242424,38.233333333333334,24.945757575757575,2676.5751515151514,0.27454545454545454,433.875,286.586,54.407,24.681,23.399,2000.491,2.383
28,Brazil,2003,5253.647073170731,27598.81487804878,45.27170731707317,46.92146341463415,41.565609756097565,24.711951219512198,2952.3060975609756,0.26926829268292685,613.36,346.60153846153844,55.85000000000001,30.47230769230769,27.447692307692307,1511.2869230769231,2.8776923076923073
29,Brazil,2004,4923.295945945946,27587.250540540543,50.24702702702702,49.53081081081081,39.68162162162162,23.526486486486487,2376.8594594594597,0.2472972972972973,511.8836363636364,248.62818181818182,51.447272727272725,32.373636363636365,22.470909090909092,1641.0645454545454,2.6136363636363638
30,Brazil,2005,4817.981351351351,27403.589459459457,40.59243243243243,46.483513513513515,39.18864864864865,26.845135135135134,2563.0813513513513,0.29783783783783785,560.6266666666667,274.18666666666667,47.742222222222225,26.63222222222222,19.815555555555555,1706.97,2.6755555555555555
31,Brazil,2006,4684.611,24060.02975,47.55075,43.86675,44.92375,23.99525,2670.1855,0.22774999999999998,781.3428571428573,236.86999999999998,50.32571428571429,36.269999999999996,27.444285714285712,1818.1357142857144,2.3314285714285714
32,Brazil,2007,5238.441891891892,27780.814324324325,43.714594594594594,45.255945945945946,42.17162162162162,24.670540540540543,2691.2310810810814,0.2989189189189189,642.8583333333333,285.6816666666667,52.52,26.153333333333332,17.37666666666667,1863.8533333333335,2.2116666666666664
33,Brazil,2008,5149.58,22635.724054054055,40.27945945945946,35.36486486486486,39.21135135135135,24.833513513513516,2244.2599999999998,0.23648648648648649,665.5016666666667,273.875,42.34,28.613333333333333,23.343333333333334,1356.3066666666666,2.8533333333333335
34,Brazil,2009,4677.561333333333,21825.191666666666,48.480333333333334,40.699333333333335,39.915,25.721666666666668,2463.381,0.266,498.70666666666665,278.9455555555556,53.11,27.85666666666667,26.012222222222224,1459.5411111111111,2.8177777777777777
35,Brazil,2010,4818.4940625,24038.7134375,54.6084375,45.9659375,41.2346875,24.666249999999998,2528.26875,0.24875,337.03666666666663,230.10777777777776,55.208888888888886,21.985555555555557,25.16111111111111,1933.6722222222222,1.6433333333333335
36,Brazil,2011,5352.163421052632,27187.13447368421,45.61210526315789,40.14605263157895,42.08631578947368,26.853157894736842,2156.902894736842,0.2889473684210526,483.5825,266.68333333333334,47.615,25.468333333333334,28.005,1403.9416666666666,2.779166666666667
37,Brazil,2012,4808.2921428571435,25048.45238095238,43.98142857142857,41.632619047619045,43.1197619047619,24.856190476190477,2628.387857142857,0.2811904761904762,469.02500000000003,331.6375,36.3725,22.0175,25.9475,1650.935,2.2375
38,Brazil,2013,3720.967105263158,26678.136315789474,52.77263157894737,47.90289473684211,38.738684210526316,22.567105263157895,2531.470263157895,0.2839473684210526,562.74125,197.11875,47.295,18.0575,27.916249999999998,1699.57875,2.78375
39,Brazil,2014,4548.1842,23736.031600000002,41.7992,43.319399999999995,41.2636,26.573400000000003,2430.3064,0.2836,559.112,317.394,58.716,28.481333333333332,27.965333333333334,1647.2653333333333,2.271333333333333
40,Brazil,2015,4465.900810810811,23889.46702702703,42.94135135135135,48.586486486486486,40.888648648648655,26.215675675675676,2246.3632432432432,0.25216216216216214,574.5815384615385,348.3384615384615,47.073076923076925,33.684615384615384,22.423076923076923,1569.433076923077,1.8084615384615383
41,Brazil,2016,5203.026585365854,26285.64463414634,49.43048780487805,42.40975609756097,38.45414634146342,26.601219512195126,2408.8453658536587,0.2965853658536585,501.7923076923077,289.3046153846154,50.24923076923077,28.603076923076927,27.306923076923077,2017.0384615384614,3.0084615384615385
42,Brazil,2017,5033.753863636363,23482.26909090909,53.24795454545454,44.73068181818182,40.046136363636364,22.47909090909091,2361.2940909090908,0.24954545454545454,574.563,292.3,45.357,27.285000000000004,26.176,1338.94,2.189
43,Brazil,2018,4574.365102040817,24011.54693877551,49.6030612244898,45.08612244897959,37.56979591836735,24.425918367346938,2743.768979591837,0.24836734693877552,287.1566666666667,248.67333333333332,42.208333333333336,26.998333333333335,27.89,1074.935,2.69
44,Brazil,2019,4929.6313513513505,27712.210270270272,40.54243243243243,42.16513513513513,39.19081081081081,24.660810810810812,2659.2216216216216,0.3005405405405406,497.8663636363636,228.56272727272727,60.82818181818182,25.437272727272727,24.237272727272728,1452.0163636363636,2.8790909090909094
45,Brazil,2020,4965.311296296296,21371.688148148147,45.09740740740741,47.80777777777777,38.699629629629634,26.96851851851852,2506.4331481481486,0.26740740740740737,553.0541176470588,261.3735294117647,47.09529411764706,29.15352941176471,27.908823529411762,1771.8147058823529,2.6535294117647057
46,Brazil,2021,4532.8255,22826.0275,46.182,42.50025,41.150999999999996,25.73675,2689.68125,0.30425,457.14,264.78125,45.7425,27.22,21.182499999999997,1620.69375,2.27875
47,Brazil,2022,6211.333636363636,20732.59575757576,53.551212121212124,47.268181818181816,39.18,24.401212121212122,2416.459696969697,0.31575757575757574,417.74799999999993,289.605,53.949,22.363999999999997,24.084,1606.203,2.56
48,Brazil,2023,5223.586896551724,24981.717586206898,49.74620689655172,47.671379310344825,40.59344827586207,25.655862068965515,2467.88275862069,0.27999999999999997,688.2325000000001,336.95875,39.915,21.9125,26.521250000000002,1420.54625,1.82875
49,Brazil,2024,5196.459230769231,28180.42076923077,51.727179487179484,44.38461538461539,41.492820512820515,25.888974358974362,2777.1105128205127,0.2846153846153846,417.18875,309.9975,55.47,18.35625,23.85875,1354.0525,2.8725
50,Canada,2000,5518.943181818182,23702.952045454545,53.06977272727273,41.26931818181818,38.26613636363636,25.441136363636364,2303.5434090909093,0.2652272727272727,382.51461538461535,236.62,51.28615384615385,21.674615384615382,26.30923076923077,1423.0984615384614,2.273846153846154
51,Canada,2001,5010.337777777778,28981.876111111113,49.55444444444444,41.09888888888889,37.61638888888889,24.25888888888889,2268.6299999999997,0.3030555555555556,336.8311111111111,360.4011111111111,49.65888888888889,29.447777777777773,24.853333333333335,1244.8233333333333,2.1344444444444446
52,Canada,2002,4663.5235897435905,26679.7758974359,48.51846153846154,47.06461538461539,35.505641025641026,24.62076923076923,2224.923846153846,0.29717948717948717,523.434,315.01,56.214,27.199,24.177,1902.6770000000001,3.3980000000000006
53,Canada,2003,5826.333225806451,24595.780322580642,46.274193548387096,41.26870967741935,37.784516129032255,23.23967741935484,2646.3367741935485,0.27516129032258063,346.32428571428574,196.96,49.388571428571424,34.52285714285714,27.114285714285717,1343.8528571428571,2.9885714285714284
54,Canada,2004,5550.945952380952,24104.833333333332,47.65071428571429,40.315238095238094,38.467619047619046,25.703095238095237,2822.267380952381,0.2642857142857143,397.045,363.61199999999997,50.919,35.19,20.717,1820.441,2.459
55,Canada,2005,5810.080769230769,24473.056666666667,37.03564102564102,47.16538461538462,39.832564102564106,23.816153846153846,2487.46641025641,0.28564102564102567,511.832,223.712,46.746,29.47,21.278,1606.15,3.928
56,Canada,2006,5102.506111111111,24491.173055555555,52.757222222222225,49.11194444444445,38.99888888888889,27.58138888888889,2672.59,0.27,748.4233333333333,319.71666666666664,55.50333333333333,43.583333333333336,21.826666666666664,1202.8266666666666,2.54
57,Canada,2007,5352.87756097561,27588.05512195122,46.809512195121954,42.85634146341463,40.92463414634147,23.19439024390244,2514.5346341463414,0.29317073170731706,572.6066666666667,270.1277777777778,49.50666666666667,28.005555555555556,23.995555555555555,1688.9844444444445,1.99
58,Canada,2008,4939.464615384615,25354.73769230769,44.970512820512816,44.2125641025641,40.902307692307694,24.063589743589745,2361.882051282051,0.2487179487179487,522.7742857142857,236.34285714285716,42.83857142857143,30.792857142857144,21.552857142857142,1010.1099999999999,3.7399999999999998
59,Canada,2009,5379.656285714285,25314.22857142857,41.846,47.59,39.61914285714286,25.14914285714286,2330.516,0.25285714285714284,361.4271428571428,220.7835714285714,45.11,27.53642857142857,25.856428571428573,1851.837142857143,2.9935714285714288
60,Canada,2010,5762.6025,26373.568214285715,52.169642857142854,43.966071428571425,41.59357142857142,26.64785714285714,2693.634642857143,0.3339285714285714,532.35,218.36875,54.685,31.305,26.127499999999998,1776.94125,3.1825
61,Canada,2011,4723.65976744186,23641.05093023256,51.11418604651163,38.73441860465116,40.73279069767442,27.293488372093027,2299.6344186046513,0.2983720930232558,538.9313333333333,333.43266666666665,57.00333333333333,25.74,25.19066666666667,1949.6466666666668,2.631333333333333
62,Canada,2012,5251.817777777778,21223.935555555556,44.09027777777778,44.39111111111111,42.933611111111105,27.53027777777778,2095.536111111111,0.25194444444444447,478.68375000000003,264.65375,47.1725,30.057499999999997,24.465,1403.48625,2.97625
63,Canada,2013,4767.586739130435,27284.041956521738,47.19282608695652,46.708260869565216,40.133478260869566,24.58282608695652,3053.6776086956525,0.275,460.666,140.288,49.074,38.574,26.215999999999998,1733.8319999999999,2.532
64,Canada,2014,4773.334210526316,23758.871052631577,51.98263157894737,48.26157894736842,39.808157894736844,21.64184210526316,2804.767105263158,0.26421052631578945,563.8890909090909,192.19272727272727,42.29727272727273,28.483636363636364,23.934545454545454,1622.1263636363635,3.225454545454546
65,Canada,2015,4896.914210526315,25210.277719298247,44.75105263157894,43.19122807017544,37.72456140350877,25.677017543859648,2461.0014035087715,0.2673684210526316,367.232,318.07800000000003,46.974000000000004,27.833999999999996,32.21,1586.67,4.114
66,Canada,2016,5451.822631578948,27995.653421052633,55.25,37.14131578947368,42.82763157894737,24.132368421052632,2835.0486842105265,0.3192105263157895,568.3621052631579,255.06473684210525,46.92263157894737,23.71736842105263,24.362105263157893,1488.1415789473683,2.4968421052631578
67,Canada,2017,5645.35225,26814.250500000002,46.412,41.1005,41.745999999999995,25.754250000000003,2491.177,0.27999999999999997,386.1366666666667,181.94333333333336,52.955000000000005,34.026666666666664,27.52,2060.4516666666664,2.68
68,Canada,2018,4803.751351351351,23179.135135135137,45.072162162162165,47.42540540540541,40.391891891891895,24.653783783783787,2471.425675675676,0.2745945945945946,563.8364285714285,301.88142857142856,50.548571428571435,27.85214285714286,23.120714285714286,1431.2435714285714,2.6535714285714285
69,Canada,2019,4339.250980392157,24266.12960784314,49.20745098039215,49.55627450980392,38.71058823529412,24.936666666666667,2480.596470588235,0.28980392156862744,545.6142857142858,330.0142857142857,55.50714285714286,26.139999999999997,22.364285714285717,1200.7635714285714,3.0021428571428572
70,Canada,2020,4713.8946153846155,25287.803076923075,46.24384615384615,44.402499999999996,40.50846153846154,25.117692307692305,2827.8611538461537,0.2890384615384615,445.1363636363636,315.77363636363634,46.306363636363635,27.505454545454544,25.507272727272724,1165.9872727272727,2.3763636363636365
71,Canada,2021,5103.516956521739,26545.92217391304,44.95782608695652,46.85586956521739,40.98239130434783,24.075652173913046,2461.0823913043478,0.30195652173913046,597.2784615384616,277.4907692307692,51.01769230769231,29.44538461538461,26.063846153846153,1350.2861538461539,2.0984615384615384
72,Canada,2022,4180.507567567567,24443.85837837838,48.25783783783784,38.498378378378376,39.41108108108108,25.70081081081081,2506.500810810811,0.20756756756756756,470.68,260.40333333333336,53.52111111111111,28.25,22.12,1277.861111111111,2.641111111111111
73,Canada,2023,5273.324090909091,26256.385454545452,51.967954545454546,46.53613636363636,41.45590909090909,26.37090909090909,2478.2604545454546,0.2975,653.7088888888889,333.3888888888889,50.0,23.55333333333333,26.952222222222222,1161.61,2.785555555555556
74,Canada,2024,5033.464761904762,24150.606904761906,46.18214285714286,45.8597619047619,42.84119047619048,26.169047619047618,2739.0159523809525,0.2745238095238095,476.976875,216.31125,57.044375,26.726875,26.4175,1312.939375,3.0
75,China,2000,4971.378863636363,24544.62931818182,46.42431818181819,45.60363636363636,37.62409090909091,22.48159090909091,2392.679772727273,0.2827272727272727,681.0283333333333,304.215,59.855,29.288333333333338,31.201666666666664,1162.1983333333335,2.9499999999999997
76,China,2001,4624.71,21630.80911764706,48.81117647058824,44.235,43.16264705882353,25.649411764705885,2379.0423529411764,0.2952941176470589,611.81,338.03125,49.53,27.50875,24.2175,2039.9125,2.94375
77,China,2002,4746.880434782609,27737.258695652174,41.69565217391305,47.05173913043478,40.20304347826087,24.60782608695652,2716.0852173913045,0.2778260869565218,440.7053846153846,236.36615384615385,48.57923076923077,30.263076923076923,26.956923076923076,1538.9546153846154,2.8776923076923073
78,China,2003,4839.081875,27001.477708333332,47.66791666666666,45.350625,38.71541666666666,25.06375,2593.0377083333333,0.27875,560.2175,254.99,47.54375,30.1575,21.235,1030.6175,2.76875
79,China,2004,5850.1665,25838.91275,43.6,46.225,39.8735,23.944,2481.00025,0.27275,798.418,332.616,49.507999999999996,32.036,26.330000000000002,1494.7779999999998,2.802
80,China,2005,5081.780909090909,24862.226818181818,49.16931818181818,46.02045454545455,36.69795454545454,26.072727272727274,2263.689545454545,0.3231818181818182,561.7107692307692,269.9892307692308,60.505384615384614,31.586153846153845,24.893076923076926,1564.7815384615385,2.1653846153846152
81,China,2006,5337.304249999999,23883.72725,53.826750000000004,48.1215,35.962,25.58125,2600.46225,0.24,455.55454545454546,296.5945454545454,45.900909090909096,23.29,27.984545454545454,1801.888181818182,2.977272727272727
82,China,2007,4833.8755813953485,26866.362790697676,41.27023255813954,45.78232558139535,39.310697674418606,25.12046511627907,2591.1802325581393,0.2720930232558139,462.5009090909091,266.94363636363636,56.33090909090909,23.106363636363636,27.836363636363636,1444.1763636363637,3.0336363636363632
83,China,2008,5074.035945945946,23950.541891891895,43.07783783783783,47.239729729729724,41.464594594594594,24.024864864864863,2556.8854054054054,0.28135135135135136,558.4945454545455,299.8290909090909,47.24454545454546,24.14818181818182,21.319090909090907,1226.450909090909,3.6981818181818182
84,China,2009,5156.359166666666,22634.677708333333,45.43208333333333,42.952708333333334,38.753750000000004,25.307291666666668,2721.8975,0.2602083333333333,383.67857142857144,247.77714285714288,56.41428571428571,27.732857142857142,23.78857142857143,1109.032857142857,3.0814285714285714
85,China,2010,4705.095862068965,23635.484137931035,48.236551724137925,43.928275862068965,35.972068965517245,24.580000000000002,2779.4896551724137,0.2786206896551724,557.6533333333333,252.57933333333332,54.532000000000004,30.601333333333333,26.175333333333334,1626.7426666666665,1.5413333333333334
86,China,2011,5265.9363414634145,25062.063414634147,52.62048780487805,45.05390243902439,41.14585365853659,25.682926829268293,2896.6882926829267,0.28756097560975613,578.89,262.365,58.845,30.8525,28.305,1197.7875,2.2475
87,China,2012,5101.24,22964.268684210525,51.79342105263158,44.385263157894734,39.723684210526315,23.41184210526316,2562.42,0.28210526315789475,542.6229999999999,299.206,48.45399999999999,27.470999999999997,19.249000000000002,1929.2259999999999,2.306
88,China,2013,4682.840857142857,30162.759142857143,54.22971428571429,47.60914285714286,40.11371428571429,24.358,2659.346,0.33,543.57,261.19142857142856,53.80428571428571,25.29,24.46857142857143,1088.3642857142856,1.6257142857142857
89,China,2014,5677.001489361703,26306.466595744678,48.99,46.42659574468085,42.28851063829787,25.88872340425532,2536.4670212765955,0.2682978723404255,624.3155555555555,288.2322222222222,55.653333333333336,28.84222222222222,26.51111111111111,1302.847777777778,2.283333333333333
90,China,2015,4610.406923076923,29072.98153846154,46.15820512820513,50.79846153846154,38.64333333333333,24.90025641025641,2468.3653846153848,0.2874358974358974,347.46777777777777,182.4388888888889,47.64,26.651111111111113,25.848888888888887,1616.388888888889,3.2066666666666666
91,China,2016,4321.647307692308,26513.641153846154,47.89519230769231,45.675,40.199615384615385,25.599230769230772,2519.0884615384616,0.2767307692307692,524.2093333333333,289.5946666666667,51.647333333333336,32.768,28.114666666666665,1755.5366666666666,3.0660000000000003
92,China,2017,5418.302500000001,21038.21138888889,42.64611111111111,48.680277777777775,39.245,26.965833333333332,3040.2325,0.245,525.1928571428572,299.985,58.73428571428571,30.68357142857143,28.44214285714286,2011.7107142857144,2.1364285714285716
93,China,2018,4578.821818181818,25483.305227272725,47.95090909090909,42.52431818181818,38.33772727272728,26.70340909090909,2570.1225,0.27568181818181814,510.1583333333333,333.84250000000003,54.6525,25.3025,25.25583333333333,1725.075,2.1758333333333333
94,China,2019,5484.188999999999,22964.8,42.43633333333333,52.564,42.24433333333333,25.446666666666665,2569.3403333333335,0.315,607.9222222222222,291.7477777777778,56.23888888888889,26.22666666666667,28.196666666666665,1634.8944444444446,2.55
95,China,2020,5415.434571428571,26065.49428571429,41.889714285714284,48.53485714285714,41.31142857142857,26.714,2546.9114285714286,0.2902857142857143,415.4814285714286,246.52785714285713,47.833571428571425,28.225714285714282,23.76214285714286,1845.0614285714287,2.2535714285714286
96,China,2021,5563.310930232558,23487.861860465116,39.195116279069765,46.238837209302325,43.41930232558139,25.131162790697676,2421.997906976744,0.273953488372093,436.1333333333333,261.13444444444445,40.21666666666667,25.81,26.01111111111111,1528.5833333333333,2.482222222222222
97,China,2022,4182.516176470588,26982.139705882353,52.98941176470588,39.1614705882353,40.84176470588235,24.25294117647059,2908.0214705882354,0.2797058823529412,528.547,273.902,46.55,26.054000000000002,22.024,1786.2069999999999,2.0780000000000003
98,China,2023,4953.820697674419,27464.25093023256,46.688372093023254,45.56813953488372,39.43279069767441,28.049302325581394,2637.886046511628,0.2802325581395349,369.989,364.445,45.533,26.863999999999997,23.029999999999998,1682.639,2.3609999999999998
99,China,2024,5342.0605263157895,26335.893684210525,48.46526315789474,45.50684210526316,42.04921052631579,25.629210526315788,2730.9715789473685,0.29578947368421055,507.325,253.13916666666668,50.887499999999996,25.61,26.778333333333332,1796.5058333333334,2.5125
100,Germany,2000,4744.651142857143,22141.81942857143,44.75457142857143,46.564571428571426,40.937999999999995,25.32542857142857,2450.595142857143,0.29171428571428576,215.22400000000002,294.826,43.592,30.644,28.183999999999997,1112.8719999999998,3.1
101,Germany,2001,5293.021304347826,26383.50239130435,60.46891304347827,46.68717391304348,39.015,24.819782608695654,2139.959565217391,0.2358695652173913,646.4285714285714,274.7657142857143,46.67285714285714,31.132857142857144,28.462857142857143,1664.31,2.5799999999999996
102,Germany,2002,4640.5767857142855,26593.95464285714,38.964285714285715,43.02178571428571,37.42142857142857,26.09392857142857,2631.131428571429,0.25035714285714283,569.154,289.43,53.09400000000001,25.012,27.314,2031.0919999999999,1.8030000000000002
103,Germany,2003,5098.263,26258.39625,50.16525,41.59025,42.907,24.6255,2395.4477500000003,0.26349999999999996,727.987,289.48400000000004,38.056,29.648000000000003,24.222,1384.2069999999999,2.231
104,Germany,2004,5104.755641025641,24133.957435897435,43.43282051282051,42.446666666666665,41.300000000000004,24.534615384615385,2691.3484615384614,0.2453846153846154,436.425,178.76749999999998,34.9675,40.955,29.1275,700.23,2.3674999999999997
105,Germany,2005,5275.165,22752.49068181818,48.54363636363637,44.67613636363637,39.92318181818182,25.26863636363636,2697.6547727272728,0.26545454545454544,356.95166666666665,272.43583333333333,48.36916666666667,26.52,21.9375,1777.8633333333335,3.26
106,Germany,2006,4903.168571428571,25485.38142857143,54.138285714285715,55.157714285714285,41.52285714285714,24.426857142857145,2411.039714285714,0.224,519.47,297.8015384615385,53.29538461538462,32.12384615384615,25.042307692307695,1911.5369230769231,2.576923076923077
107,Germany,2007,5382.410588235294,25975.807647058824,45.557647058823534,42.60852941176471,40.44941176470588,25.419999999999998,2699.4182352941175,0.2917647058823529,603.3772727272727,287.8272727272727,58.75636363636364,24.860909090909093,26.433636363636364,1477.1336363636362,2.460909090909091
108,Germany,2008,4864.176388888889,27711.129722222224,44.278055555555554,47.49361111111111,43.75138888888889,26.131944444444443,2440.179166666667,0.265,625.7871428571428,285.2742857142857,47.80714285714286,35.809999999999995,20.66714285714286,1724.527142857143,1.6328571428571428
109,Germany,2009,5738.230909090909,29087.61212121212,51.164242424242424,47.92242424242424,39.09878787878788,23.095757575757574,2514.208181818182,0.26878787878787874,129.63666666666666,266.55,47.276666666666664,29.820000000000004,13.823333333333332,1329.6566666666668,2.1666666666666665
110,Germany,2010,5925.689375,25789.094375,47.3621875,46.0853125,35.898125,26.1303125,2295.761875,0.25906250000000003,322.48999999999995,263.35714285714283,43.07142857142857,27.53,23.228571428571428,1013.7371428571429,1.6071428571428572
111,Germany,2011,4996.294117647059,20251.687647058825,46.273823529411764,36.905,41.20058823529411,23.044999999999998,2449.0473529411765,0.29970588235294116,613.3222222222222,184.73777777777778,39.733333333333334,23.778888888888886,23.37777777777778,1436.822222222222,3.4155555555555552
112,Germany,2012,5022.160333333333,22492.336666666666,43.06166666666666,46.117666666666665,40.855000000000004,26.169666666666668,2721.096,0.24400000000000002,496.17466666666667,274.86266666666666,46.56466666666667,20.735333333333333,26.720666666666666,1663.1073333333334,3.0733333333333333
113,Germany,2013,6117.35625,25088.21325,39.883750000000006,47.881,39.95175,23.32725,2651.96675,0.2465,373.52,350.7085714285714,58.901428571428575,30.94142857142857,27.59,1651.5842857142857,2.0214285714285714
114,Germany,2014,4504.00137254902,24546.722156862746,47.04078431372549,47.244313725490194,39.21901960784314,27.340392156862745,2227.85431372549,0.26588235294117646,531.3715384615384,222.1376923076923,51.77230769230769,23.624615384615385,20.436153846153847,1711.9553846153847,3.8207692307692307
115,Germany,2015,5563.632666666666,21236.122,43.882,41.1,39.94022222222222,25.418444444444443,2582.9675555555555,0.2222222222222222,660.48,325.885,41.15833333333333,18.996666666666666,22.03833333333333,1783.005,1.9633333333333336
116,Germany,2016,5220.763428571428,27706.283714285713,41.888,48.831714285714284,40.75028571428572,23.11057142857143,2838.882,0.23142857142857143,528.5615384615385,275.11538461538464,45.71384615384615,26.943076923076923,17.56,1593.666923076923,2.963846153846154
117,Germany,2017,4689.8446,26163.3108,44.601000000000006,43.8634,41.805600000000005,24.1008,2524.6038,0.2736,548.83125,211.255,44.120000000000005,33.53875,24.8825,1364.22625,2.8675
118,Germany,2018,4300.800303030303,22220.990606060604,49.34636363636364,44.525151515151514,42.69212121212121,26.41,2383.600909090909,0.29545454545454547,514.1881818181818,285.7018181818182,46.78272727272727,30.7,25.523636363636363,1293.692727272727,3.0627272727272725
119,Germany,2019,5940.488043478261,23120.49086956522,41.88782608695652,46.74978260869565,42.43934782608696,25.652391304347827,2431.1404347826087,0.275,531.1414285714285,287.07714285714286,42.09428571428571,30.032857142857146,24.45,1919.2742857142857,2.4585714285714286
120,Germany,2020,5407.767199999999,23308.7658,48.741800000000005,49.9304,38.6306,23.0214,2622.5690000000004,0.2796,648.9569230769231,294.75384615384615,44.643846153846155,30.799999999999997,23.623076923076926,1532.4192307692308,2.3430769230769233
121,Germany,2021,5800.407906976744,22488.139767441862,42.681395348837206,44.042325581395346,40.809767441860465,24.066511627906973,2390.5432558139537,0.28186046511627905,425.7872727272727,264.13454545454545,47.39818181818182,30.968181818181815,23.85545454545455,1441.611818181818,2.3000000000000003
122,Germany,2022,5641.778888888889,24867.427333333333,44.596,48.05488888888888,36.970222222222226,26.10511111111111,2613.7142222222224,0.2842222222222222,528.0978571428572,281.5335714285714,52.33571428571429,26.935,24.120714285714286,1676.2514285714285,2.732142857142857
123,Germany,2023,4415.392894736842,22795.84552631579,45.54210526315789,42.25657894736842,42.084736842105265,26.429736842105264,2506.6768421052634,0.25157894736842107,564.022,248.52100000000002,53.012,28.683,25.183,1637.84,2.626
124,Germany,2024,4542.038275862068,24655.03482758621,48.12862068965517,41.279999999999994,41.2396551724138,25.515172413793106,2233.6437931034484,0.23310344827586207,551.2027272727273,253.6290909090909,55.76909090909091,25.415454545454544,23.273636363636363,916.2636363636364,3.2372727272727273
125,India,2000,4628.0254545454545,25371.750303030305,43.74030303030303,45.74484848484848,40.32030303030303,24.118787878787877,2144.403333333333,0.2772727272727273,422.39250000000004,404.35,37.4875,39.08,23.735,1568.955,2.265
126,India,2001,5283.080256410257,28772.269743589743,50.25051282051282,42.72846153846154,41.485128205128206,23.36948717948718,2632.548717948718,0.23923076923076922,478.75615384615384,200.8846153846154,59.99,20.734615384615385,25.14,1766.2007692307693,3.0384615384615383
127,India,2002,5730.148666666666,24502.673000000003,49.095666666666666,44.794,40.854,26.98166666666667,2395.6929999999998,0.2803333333333333,344.7375,333.9275,44.505,26.87375,25.98875,1603.475,1.89
128,India,2003,5579.574102564103,27904.05205128205,38.88333333333333,46.992051282051285,39.699999999999996,26.99794871794872,2621.9969230769234,0.30128205128205127,455.10375,298.295,46.62625,25.02,23.380000000000003,2220.125,2.235
129,India,2004,4739.784166666667,26244.859166666665,47.40138888888889,47.732777777777784,39.5925,21.797777777777778,2589.3616666666667,0.30416666666666664,450.94,228.80874999999997,52.235,21.03875,26.45125,1353.02875,2.3575
130,India,2005,6014.944761904761,23030.287857142856,44.32,41.777142857142856,38.27333333333333,25.293571428571425,2488.5230952380953,0.2938095238095238,479.3322222222222,338.36555555555555,51.53333333333333,28.485555555555557,23.522222222222226,1663.0577777777778,2.0766666666666667
131,India,2006,5998.485151515152,20428.569393939397,50.593030303030304,53.632121212121206,42.07757575757576,27.448787878787876,2878.0581818181818,0.243030303030303,603.7157142857143,269.31142857142856,52.885714285714286,24.80142857142857,19.367142857142856,1877.7657142857145,3.242857142857143
132,India,2007,5454.3935,24871.815,50.574,46.408249999999995,37.61925,25.200499999999998,2605.7397499999997,0.2515,438.13428571428574,381.5571428571429,40.76285714285715,32.83571428571428,25.372857142857146,1676.6542857142856,1.7871428571428571
133,India,2008,5362.20512195122,25264.088048780486,45.6209756097561,45.01609756097561,42.14487804878049,25.55439024390244,2397.58,0.2680487804878049,629.8133333333333,341.89222222222224,46.102222222222224,35.65222222222222,19.91,2011.2344444444445,3.0211111111111113
134,India,2009,4387.108108108108,25228.655945945946,48.54378378378378,44.93756756756757,38.68756756756757,26.09756756756757,2568.063243243243,0.2672972972972973,558.145,223.31900000000002,43.687,26.604000000000003,25.576,1710.032,2.351
135,India,2010,4999.066315789473,27077.337368421053,44.17,39.14342105263158,38.613684210526316,25.827894736842108,2591.2847368421053,0.25815789473684214,525.5208333333334,316.4225,52.288333333333334,23.4525,23.133333333333336,1320.1583333333333,1.7183333333333335
136,India,2011,5620.997878787879,23304.886666666665,44.49121212121212,39.99,39.53424242424243,23.783636363636365,2078.1918181818182,0.273939393939394,715.1671428571428,269.5357142857143,65.79142857142857,30.235714285714288,28.43142857142857,1213.1614285714284,3.0028571428571427
137,India,2012,4749.126111111111,25823.11574074074,52.163148148148146,49.83796296296296,41.48407407407407,25.466481481481484,2530.728333333333,0.24000000000000002,598.0823076923077,328.20923076923077,49.09153846153846,27.759999999999998,23.63307692307692,1334.4515384615383,2.146923076923077
138,India,2013,6033.636153846154,25985.986666666668,45.02230769230769,47.294102564102566,39.18974358974359,23.615897435897434,2360.347435897436,0.2676923076923077,623.0138461538461,296.59153846153845,55.98846153846154,20.49846153846154,25.69076923076923,1236.7230769230769,2.2453846153846153
139,India,2014,5174.790540540541,23031.54783783784,42.17567567567568,43.78594594594595,38.741081081081084,23.661351351351353,2588.571081081081,0.2810810810810811,500.43777777777785,236.1577777777778,54.778888888888886,35.398888888888884,26.252222222222223,1814.1933333333334,2.7344444444444442
140,India,2015,5569.567647058824,22932.04549019608,46.888823529411766,42.34196078431373,41.121568627450976,24.10745098039216,2517.5192156862745,0.2362745098039216,551.1209090909091,232.72636363636363,41.872727272727275,30.280909090909088,22.2,1314.4036363636362,3.02
141,India,2016,5190.375333333333,20494.82511111111,46.77733333333333,46.938222222222215,39.678,25.623555555555555,2765.1444444444446,0.2782222222222222,425.52625,312.06125000000003,44.6225,28.97875,22.28625,1839.97875,3.09375
142,India,2017,4987.627058823529,24862.407450980394,49.34117647058824,43.07666666666666,42.60980392156863,25.01921568627451,2340.515098039216,0.25450980392156863,628.4944444444444,273.08444444444444,53.49666666666667,25.772222222222222,29.67666666666667,1399.4133333333332,2.351111111111111
143,India,2018,5530.025576923077,25650.752500000002,56.457499999999996,49.197692307692314,40.489615384615384,25.099038461538463,2537.314038461539,0.26403846153846156,407.4209090909091,290.4927272727273,50.45636363636363,31.29090909090909,23.586363636363636,1713.8336363636363,2.441818181818182
144,India,2019,6172.6628125,21551.994375000002,50.5359375,45.6615625,40.851875,28.4446875,2777.3034375,0.3065625,427.826,271.546,52.226,26.398000000000003,27.721999999999998,999.733,2.2399999999999998
145,India,2020,5413.352727272727,23350.192045454543,47.677727272727275,41.66090909090909,37.6875,22.654772727272725,2942.270681818182,0.2890909090909091,446.3557142857143,289.6614285714286,64.49857142857142,26.792857142857144,24.052857142857142,1574.5614285714287,2.6757142857142857
146,India,2021,4680.330606060606,22188.41787878788,47.291818181818186,41.21575757575758,38.90242424242424,22.636666666666667,2186.3393939393936,0.24939393939393942,442.69909090909096,276.6518181818182,45.21909090909091,24.586363636363636,22.593636363636364,1742.1645454545455,2.1572727272727272
147,India,2022,4922.3514583333335,24709.144166666665,52.01479166666667,46.63916666666666,39.2575,27.295833333333334,2911.857083333333,0.2791666666666667,497.8878571428572,354.59785714285715,47.519999999999996,33.61357142857143,22.99142857142857,2146.3685714285716,2.968571428571429
148,India,2023,5353.260810810811,25293.07108108108,45.49216216216216,49.666486486486484,42.35162162162162,27.720810810810814,2348.925135135135,0.2991891891891892,451.28833333333336,273.0,48.39166666666667,25.331666666666667,27.9325,1603.4575000000002,2.9058333333333333
149,India,2024,4163.4731249999995,21407.8521875,47.470625,38.5284375,40.9421875,27.794999999999998,2624.4228125,0.2715625,479.7509090909091,337.7518181818182,42.76363636363636,26.458181818181814,22.64727272727273,1391.921818181818,2.178181818181818
150,Japan,2000,5044.533714285714,24890.76685714286,43.38657142857143,45.99971428571428,41.84771428571429,23.17,2488.407428571428,0.2934285714285714,605.2566666666667,282.85833333333335,50.405,26.69666666666667,25.07166666666667,2079.7683333333334,3.8850000000000002
151,Japan,2001,4565.9665853658535,25903.307560975612,47.72073170731707,44.12731707317073,40.44073170731707,26.53682926829268,2545.8543902439023,0.29634146341463413,549.427,293.662,51.609,31.296000000000003,25.999000000000002,1716.702,2.4699999999999998
152,Japan,2002,4321.012727272727,26807.283863636363,45.360681818181824,45.76045454545454,40.41318181818182,25.593636363636367,2188.658636363636,0.28,499.05833333333334,244.6291666666667,50.7425,28.01,21.96166666666667,1308.2033333333334,2.1366666666666667
153,Japan,2003,5144.581395348837,22301.523488372095,46.74953488372093,48.44279069767442,38.91279069767442,25.40418604651163,2429.528604651163,0.24232558139534885,560.356,262.80466666666666,46.018,31.832666666666668,23.174,1422.6526666666666,2.338
154,Japan,2004,5041.954571428571,26087.24428571429,46.543142857142854,48.45142857142857,40.336,23.776571428571426,2282.7582857142856,0.2702857142857143,437.50500000000005,248.04166666666666,56.60833333333333,32.178333333333335,24.78333333333333,1580.0833333333333,2.1183333333333336
155,Japan,2005,5494.753720930233,27474.655116279067,49.41162790697674,47.628604651162796,38.40651162790698,24.31,2606.0455813953486,0.27511627906976743,456.06,360.4316666666667,28.905,29.169999999999998,28.084999999999997,1240.2533333333333,2.975
156,Japan,2006,4587.004390243902,23177.9156097561,49.73048780487805,45.88878048780488,40.650000000000006,27.60951219512195,2532.3948780487804,0.2704878048780488,463.23999999999995,365.94,44.769999999999996,33.964285714285715,29.82857142857143,1723.55,2.5100000000000002
157,Japan,2007,5802.85552631579,25001.47105263158,44.13421052631579,41.19421052631579,41.072631578947366,23.75342105263158,2184.1194736842103,0.2555263157894737,402.7142857142857,285.4871428571429,57.567142857142855,23.135714285714283,27.50714285714286,1596.5885714285712,1.9285714285714286
158,Japan,2008,5343.987647058824,24575.610882352943,41.64411764705883,43.60411764705882,38.57647058823529,28.68470588235294,3166.206176470588,0.3014705882352941,392.91700000000003,220.327,46.150999999999996,34.807,21.849,1556.853,1.8980000000000001
159,Japan,2009,6076.808936170213,20896.95574468085,48.36914893617021,46.33659574468086,40.33276595744681,27.872340425531913,2742.8123404255316,0.2721276595744681,610.65,278.154,51.512,33.414,22.851999999999997,973.144,2.44
160,Japan,2010,6103.193571428572,23490.33821428571,47.51535714285715,48.98392857142857,38.34928571428571,25.37357142857143,2604.5325000000003,0.2592857142857143,441.6038461538462,250.65615384615387,48.16384615384615,27.156923076923075,22.442307692307693,1379.1284615384616,2.3576923076923078
161,Japan,2011,5316.2245454545455,23792.18590909091,49.7109090909091,41.27636363636364,39.98477272727273,23.802954545454543,2431.281136363636,0.2604545454545455,559.7,313.43125,52.77,28.69125,23.740000000000002,1103.30875,2.5025
162,Japan,2012,5953.860789473684,24429.706315789474,48.83894736842105,43.61763157894737,39.58289473684211,25.41078947368421,2761.886842105263,0.2868421052631579,526.375,205.20125,59.79875,17.805,26.49625,1247.94,2.56125
163,Japan,2013,5084.366590909091,24696.477954545455,46.70840909090909,49.06227272727272,39.85704545454546,24.601363636363637,2580.6,0.2631818181818182,476.1544444444445,258.7655555555555,51.79222222222222,37.92888888888889,25.175555555555555,2137.8266666666664,1.6055555555555554
164,Japan,2014,4527.808627450981,25647.78529411765,46.499607843137255,41.88803921568628,40.38745098039216,24.232156862745097,2311.4317647058824,0.24490196078431373,536.5088888888889,248.07444444444445,47.611111111111114,21.34222222222222,22.66111111111111,1876.2633333333333,2.4355555555555557
165,Japan,2015,5818.436250000001,23961.773,47.160000000000004,38.935,43.69175,23.32125,2569.0885,0.26575000000000004,410.5642857142857,285.11571428571426,45.184285714285714,25.384285714285713,28.467142857142857,1414.3057142857142,2.4699999999999998
166,Japan,2016,5729.207083333334,24050.216875,47.63083333333333,44.710625,41.135625,25.103125000000002,2595.7679166666667,0.2925,615.8707692307692,248.1176923076923,55.42307692307692,27.032307692307693,26.00923076923077,2127.2200000000003,2.7223076923076923
167,Japan,2017,5016.76,20292.74090909091,43.54386363636364,40.7875,37.89568181818182,23.69090909090909,2281.5272727272727,0.29545454545454547,576.0422222222222,211.9377777777778,49.093333333333334,24.06888888888889,27.211111111111112,1715.2644444444445,2.296666666666667
168,Japan,2018,5448.040697674419,24259.3111627907,45.90720930232558,40.23860465116279,39.8553488372093,24.73767441860465,2457.9227906976744,0.27744186046511626,664.3883333333333,290.5833333333333,37.623333333333335,31.048333333333332,25.97,1057.1833333333334,3.408333333333333
169,Japan,2019,5224.871086956522,23108.750869565218,40.73804347826087,42.62586956521739,39.18630434782609,25.88173913043478,2420.211956521739,0.2826086956521739,582.8723076923077,241.0176923076923,45.56461538461539,30.946153846153848,25.16769230769231,1788.1492307692306,2.3784615384615386
170,Japan,2020,5607.170571428572,23592.620857142858,51.17,41.81485714285714,38.114,24.220285714285716,2279.144,0.28714285714285714,211.8166666666667,275.4433333333333,63.69,25.293333333333333,20.76,2151.44,1.9666666666666668
171,Japan,2021,6027.675,28175.112142857142,51.60392857142857,38.31392857142857,39.50535714285714,24.514642857142857,2362.3939285714287,0.2989285714285714,423.3775,323.10125,45.988749999999996,30.5575,28.1375,1272.9025000000001,3.12
172,Japan,2022,5610.6503125,29783.9521875,48.61125,47.4821875,40.719375,23.0253125,2550.8803125,0.2928125,615.154,217.17799999999997,51.73199999999999,35.160000000000004,23.86,2533.678,2.248
173,Japan,2023,4576.422727272728,26117.872727272726,54.02204545454545,50.385681818181816,39.93204545454545,23.650681818181816,2830.2745454545457,0.2809090909090909,345.694,303.654,47.402,25.298,25.886000000000003,976.542,2.942
174,Japan,2024,5335.2814285714285,24208.984999999997,46.090357142857144,46.901428571428575,37.26142857142857,24.0425,2945.4357142857143,0.26321428571428573,622.3766666666667,240.0583333333333,51.85333333333333,28.328333333333333,21.41333333333333,1524.2283333333332,1.54
175,Russia,2000,4496.391470588235,28208.306764705885,52.686470588235295,45.17735294117647,38.506470588235295,26.93,2560.425588235294,0.2979411764705882,544.9992307692307,266.10692307692307,54.25615384615385,25.184615384615384,23.836923076923078,1669.8992307692306,2.766923076923077
176,Russia,2001,4796.7275,30137.61375,47.941,39.214999999999996,40.36725,25.845499999999998,2325.58475,0.28700000000000003,629.2133333333333,211.155,40.55583333333333,27.5425,29.05333333333333,1379.665,2.840833333333333
177,Russia,2002,5570.297727272728,25991.98545454546,51.32818181818182,44.26772727272727,41.73704545454546,26.233636363636364,2500.632727272727,0.28818181818181815,487.186,212.329,52.934000000000005,31.605,27.335,1837.2509999999997,2.786
178,Russia,2003,4809.322222222222,26589.358333333334,43.4325,47.656111111111116,42.795833333333334,23.68111111111111,2273.0644444444442,0.2436111111111111,562.341,306.35900000000004,55.887,27.417,26.935000000000002,965.617,3.4859999999999998
179,Russia,2004,6259.611052631579,22746.912368421054,49.49473684210526,44.85,40.958684210526314,25.318684210526317,2379.412105263158,0.2773684210526316,555.15,248.777,52.229000000000006,31.622000000000003,23.127000000000002,1389.694,2.029
180,Russia,2005,4385.282352941176,21986.323529411766,46.81205882352941,42.49441176470588,38.81382352941176,25.36735294117647,2708.8529411764707,0.2779411764705882,427.98375,280.478125,52.845625,30.80375,23.015625,1423.414375,3.308125
181,Russia,2006,4354.205777777778,21757.162,45.94133333333333,42.806222222222225,38.279111111111106,24.89755555555556,2339.559777777778,0.2566666666666667,614.04,254.85818181818183,51.04909090909091,20.900000000000002,24.90727272727273,1703.7836363636363,2.4690909090909092
182,Russia,2007,4846.850638297872,26560.51489361702,50.66404255319149,48.26404255319149,37.10936170212766,23.409787234042554,2415.776808510638,0.25957446808510637,552.641,246.248,46.059000000000005,38.757,20.038,1200.111,2.541
183,Russia,2008,5741.14225,24769.754500000003,51.03575,39.09225,42.017,23.927,2552.5697499999997,0.26125,608.3666666666667,291.7611111111111,47.81333333333333,28.76777777777778,21.516666666666666,1761.9133333333334,1.9466666666666665
184,Russia,2009,4966.361730769231,23592.735961538463,44.30096153846154,44.39634615384615,40.33423076923077,25.85423076923077,2838.6251923076925,0.2571153846153846,472.67,317.2316666666666,51.1025,23.604166666666668,25.761666666666667,1736.9583333333333,2.0225
185,Russia,2010,4747.759142857143,22508.25571428571,50.72142857142857,41.41657142857142,39.716,23.447999999999997,2684.6431428571427,0.276,375.48,328.84000000000003,51.6075,34.1425,23.822499999999998,1572.0225,2.44
186,Russia,2011,5633.204848484849,29475.434545454544,43.334545454545456,48.21363636363636,38.86636363636364,24.374848484848485,2303.200909090909,0.2690909090909091,458.4714285714286,250.6457142857143,53.989285714285714,25.904285714285713,26.09642857142857,1465.1592857142857,2.457142857142857
187,Russia,2012,4688.025555555556,25132.08027777778,41.82555555555555,44.923611111111114,42.82611111111111,28.592499999999998,2640.8586111111113,0.2791666666666667,542.8113333333333,261.07733333333334,46.89866666666667,28.520666666666667,20.992666666666665,1750.9086666666667,3.2066666666666666
188,Russia,2013,5000.862413793104,24350.422068965516,49.227931034482765,44.756206896551724,39.59827586206896,26.206206896551723,2440.385517241379,0.26655172413793105,438.0286666666667,255.22066666666666,53.35666666666667,29.822666666666667,23.511333333333333,1642.1846666666668,2.2760000000000002
189,Russia,2014,5274.543409090909,26492.783863636363,43.842045454545456,46.96727272727273,38.28931818181818,24.105000000000004,2521.6145454545454,0.2902272727272727,612.64,245.6577777777778,55.23777777777778,26.673333333333332,24.486666666666665,1453.158888888889,2.7944444444444443
190,Russia,2015,4441.496857142857,29562.594285714287,51.43742857142857,44.76914285714286,37.95542857142857,26.023714285714288,2571.546,0.2677142857142857,477.5316666666667,305.255,46.77166666666667,22.685833333333335,21.267500000000002,1548.805,2.7708333333333335
191,Russia,2016,5686.01,22030.90117647059,52.92794117647059,46.515882352941176,40.03823529411765,23.187058823529412,2866.214705882353,0.2811764705882353,460.515,307.769,49.527,31.481,24.806,1525.833,1.859
192,Russia,2017,4325.955833333333,25436.674166666668,38.408750000000005,41.71,39.16625,24.348333333333333,2798.7933333333335,0.29083333333333333,382.3328571428571,347.1657142857143,52.410000000000004,23.835714285714285,23.548571428571428,1864.07,2.4814285714285718
193,Russia,2018,5327.355813953488,24982.097441860464,47.4853488372093,47.15279069767442,37.25186046511628,25.449302325581392,1888.350930232558,0.27767441860465114,490.7214285714286,330.84714285714284,53.22714285714285,28.17142857142857,29.851428571428574,2194.6357142857146,2.9614285714285713
194,Russia,2019,5183.89,24418.08911764706,44.817647058823525,45.34235294117647,42.944411764705876,25.002352941176472,2171.2505882352943,0.23823529411764705,353.8,265.855,49.71625,24.0775,28.708750000000002,1312.15375,2.9075
195,Russia,2020,5724.279,27648.26275,50.62925,43.394,39.81675,23.445,2558.92,0.23900000000000002,520.475,327.94625,43.65875,25.90125,24.055,1030.5674999999999,1.93375
196,Russia,2021,4373.38,25511.668157894735,44.811052631578946,44.032105263157895,40.25921052631579,24.181578947368422,2177.193947368421,0.27,373.59071428571434,277.08714285714285,51.32142857142857,21.305714285714288,22.845714285714283,1563.3864285714285,2.3392857142857144
197,Russia,2022,5169.189047619047,25888.064047619046,50.68571428571429,48.30095238095238,40.29142857142857,25.00047619047619,2600.0630952380952,0.23833333333333334,462.4533333333333,286.80916666666667,51.990833333333335,28.891666666666666,27.021666666666665,1540.1983333333335,2.3858333333333337
198,Russia,2023,4921.0342,23461.807,43.489399999999996,45.802600000000005,40.2754,23.5592,2691.3918,0.27399999999999997,481.7191666666667,240.71666666666667,53.17666666666667,31.799166666666665,27.483333333333334,1751.194166666667,2.171666666666667
199,Russia,2024,5392.822,27773.059749999997,55.4905,46.9675,39.5355,26.648000000000003,2556.84875,0.27775,500.365,357.7866666666667,45.66833333333333,23.169999999999998,27.168333333333333,1546.6916666666668,2.8233333333333337
200,UK,2000,5014.317333333333,21880.506444444447,51.17155555555555,39.57377777777778,39.55711111111111,24.789555555555555,2504.6813333333334,0.29844444444444446,511.9777777777778,303.76222222222225,60.74888888888889,30.202222222222222,26.15,1550.187777777778,1.718888888888889
201,UK,2001,5516.0339534883715,26292.369069767443,49.990465116279076,51.36046511627907,39.96697674418604,24.081162790697675,2425.3174418604654,0.28837209302325584,623.7291666666666,291.40749999999997,49.29666666666666,19.98,26.328333333333333,914.5833333333334,2.129166666666667
202,UK,2002,5002.245416666667,24593.085833333334,44.77770833333333,45.09041666666667,40.244375,24.506249999999998,2561.78625,0.269375,553.6775,317.26375,44.54625,30.28,25.5775,2245.45,2.48875
203,UK,2003,5195.9345652173915,30020.622608695656,53.61521739130435,40.52717391304348,36.08826086956522,25.324347826086957,2895.36847826087,0.29239130434782606,461.87000000000006,312.6483333333333,40.428333333333335,34.321666666666665,24.305000000000003,1304.8666666666666,2.0783333333333336
204,UK,2004,5157.007058823529,27678.642647058823,46.736176470588234,43.6285294117647,43.87647058823529,25.185882352941174,2549.364117647059,0.27676470588235297,325.13222222222225,356.4788888888889,39.73555555555556,28.571111111111108,27.278888888888886,1441.9388888888889,2.441111111111111
205,UK,2005,5300.138928571428,23104.505,53.777142857142856,40.20392857142857,36.65392857142857,24.763214285714287,2254.0071428571428,0.2682142857142857,366.83,298.69714285714286,51.12285714285714,25.169999999999998,31.767142857142858,1276.9871428571428,2.5614285714285714
206,UK,2006,5325.333529411764,25196.137647058822,44.34323529411765,38.165000000000006,40.47029411764706,24.91794117647059,2480.908529411765,0.27,416.965,313.617,57.034000000000006,31.292,27.558999999999997,1848.6559999999997,2.2600000000000002
207,UK,2007,5099.887346938775,27340.601632653063,49.734693877551024,43.442040816326525,36.900000000000006,24.783265306122445,2668.2691836734693,0.2610204081632653,413.211875,249.995625,55.030625,26.97875,25.735,1572.255,2.505
208,UK,2008,4904.577741935484,23564.795161290323,43.935483870967744,43.10645161290322,37.20709677419355,26.654516129032256,2510.437741935484,0.35516129032258065,573.33,313.1222222222222,50.68222222222222,28.24,15.208888888888888,1111.3033333333333,2.558888888888889
209,UK,2009,4558.517674418605,25667.907441860465,45.36813953488372,45.352558139534885,38.88953488372093,27.03813953488372,2636.2400000000002,0.3011627906976744,332.89666666666665,223.7733333333333,43.24333333333334,13.276666666666666,25.453333333333333,1010.46,4.123333333333334
210,UK,2010,5920.539285714285,25335.15214285714,57.046904761904756,52.652142857142856,40.3697619047619,23.517857142857142,2594.19,0.26357142857142857,633.4355555555555,289.05111111111114,45.75888888888889,29.082222222222224,27.094444444444445,1759.8322222222223,2.5844444444444448
211,UK,2011,5041.0921276595745,24557.01468085106,51.91340425531914,41.62723404255319,41.054255319148936,26.796595744680854,2716.154680851064,0.28191489361702127,540.5671428571429,231.8842857142857,56.941428571428574,24.634285714285713,28.805714285714284,1563.4985714285715,3.1028571428571428
212,UK,2012,5410.8236,26762.0924,45.8316,49.31100000000001,39.06,24.571199999999997,2466.5384,0.2824,583.028,256.86,55.234,25.092,28.568,1908.753,2.57
213,UK,2013,5298.178205128205,28780.860512820513,45.24769230769231,40.26282051282051,39.10641025641026,26.012820512820515,2602.6697435897436,0.31512820512820516,470.03692307692313,244.72846153846154,50.427692307692304,33.39230769230769,26.907692307692308,2098.403846153846,2.327692307692308
214,UK,2014,4915.975263157895,21069.349736842105,41.113684210526316,44.973684210526315,38.49552631578947,23.27815789473684,2684.431842105263,0.2847368421052632,402.7325,311.57875,44.44875,32.54875,28.5425,1369.095,3.0
215,UK,2015,5739.334444444445,23558.245555555553,47.10638888888889,46.01305555555555,43.89138888888888,24.446944444444444,3023.0175,0.27638888888888885,523.8277777777778,224.7188888888889,42.65888888888889,24.40888888888889,21.332222222222224,1669.2855555555554,3.212222222222222
216,UK,2016,4761.2104878048785,27234.979024390243,39.60756097560976,50.35780487804878,37.95317073170732,25.025365853658535,2569.988292682927,0.27975609756097564,394.5872727272727,285.57,53.00545454545454,31.70909090909091,22.008181818181818,1527.530909090909,2.139090909090909
217,UK,2017,5370.772894736842,26106.35052631579,43.19,44.64815789473685,42.22157894736842,21.80184210526316,2244.6476315789473,0.26342105263157894,361.1922222222222,226.01222222222225,48.275555555555556,26.38444444444444,27.134444444444444,1948.0388888888888,2.8322222222222226
218,UK,2018,5335.060851063829,21213.141063829786,48.2331914893617,43.85978723404255,39.98021276595745,25.64851063829787,2149.4425531914894,0.24595744680851064,628.4711111111111,248.58222222222219,55.56444444444445,30.032222222222224,24.52111111111111,1746.0377777777778,2.272222222222222
219,UK,2019,5516.761428571429,27498.709591836734,47.08510204081633,43.04081632653061,40.289795918367346,25.528571428571432,2430.2414285714285,0.3030612244897959,475.07916666666665,281.06666666666666,53.50666666666667,26.58,23.5575,1515.8016666666665,2.7116666666666664
220,UK,2020,5120.471142857143,25579.80314285714,45.471714285714285,46.06114285714286,39.35514285714286,24.401142857142855,2725.5305714285714,0.26857142857142857,553.333,251.084,52.326,31.898000000000003,20.014,1944.06,2.378
221,UK,2021,6515.035238095237,22536.084761904764,41.81095238095238,43.756904761904764,41.42333333333333,26.989761904761902,2866.3978571428574,0.26880952380952383,525.818,238.202,56.3,27.606,28.488,1511.726,2.914
222,UK,2022,5618.1547619047615,26307.88476190476,53.24833333333333,40.58833333333333,38.646190476190476,25.600714285714286,2278.345714285714,0.27999999999999997,471.93100000000004,282.425,54.908,24.93,26.099,1836.534,2.9370000000000003
223,UK,2023,4821.835,28459.46425,43.495,42.109,40.511,23.5475,1892.354,0.2975,519.0361538461539,337.97769230769234,50.621538461538464,27.773076923076925,23.569230769230767,1585.7907692307692,2.583076923076923
224,UK,2024,5066.814680851064,22592.202127659573,40.64234042553191,48.05489361702128,40.791276595744684,23.916170212765955,2702.4557446808512,0.27191489361702126,498.77875000000006,334.45375,48.76875,27.89,25.575,1576.25875,2.82375
225,USA,2000,5481.558717948718,25701.259743589744,48.992820512820515,48.57333333333334,40.66538461538462,25.364615384615384,2340.0897435897436,0.2735897435897436,631.304,275.05,45.629000000000005,29.395999999999997,21.615000000000002,2080.4049999999997,1.814
226,USA,2001,5105.635384615384,23942.81923076923,49.71974358974359,52.54410256410256,40.94384615384615,22.11,2965.0323076923078,0.2517948717948718,445.17272727272734,300.59000000000003,50.02090909090909,20.722727272727273,26.71272727272727,1845.6390909090908,3.0254545454545454
227,USA,2002,5379.5147916666665,22036.29375,42.224375,45.893541666666664,40.282916666666665,26.087083333333336,2325.860625,0.28583333333333333,606.1272727272727,229.09636363636363,46.24545454545454,23.85090909090909,28.931818181818183,1411.5645454545456,2.382727272727273
228,USA,2003,5415.680652173913,24228.357173913042,51.00673913043478,42.31130434782609,39.62347826086957,24.403260869565216,2801.431956521739,0.26717391304347826,601.7724999999999,250.86166666666668,47.18416666666667,31.214166666666667,25.234166666666667,1179.5674999999999,2.6441666666666666
229,USA,2004,4813.590540540541,25002.59081081081,43.01918918918919,43.17351351351351,39.46405405405405,24.083243243243246,2302.162702702703,0.27945945945945944,626.24,320.41230769230765,52.50846153846154,28.367692307692305,24.63,1542.0646153846153,3.1276923076923073
230,USA,2005,4735.198958333333,24981.330833333337,52.038125,49.86895833333333,40.16229166666667,25.831875,2662.5206249999997,0.3179166666666667,465.765,326.798,53.879999999999995,18.971,25.53,1558.9470000000001,2.989
231,USA,2006,4850.846808510638,24670.760212765956,47.61531914893617,45.61234042553192,39.7536170212766,24.998510638297873,2403.9746808510636,0.29638297872340424,444.75888888888886,334.0377777777778,58.653333333333336,28.872222222222224,28.333333333333332,1992.1266666666666,3.0844444444444443
232,USA,2007,5364.393333333333,22728.690476190477,51.522619047619045,43.58,39.79666666666667,26.01047619047619,2401.1880952380952,0.305,649.6291666666667,287.13,49.732499999999995,26.3875,24.375,1783.7091666666665,3.1508333333333334
233,USA,2008,4967.7,24745.193125,50.55791666666667,44.48875,40.245,24.42125,2599.867708333333,0.2710416666666667,548.2515384615385,252.78692307692307,46.98615384615384,25.17615384615385,24.98,1691.000769230769,1.8115384615384615
234,USA,2009,5217.430526315789,22739.758684210527,48.03315789473684,43.16210526315789,39.46052631578947,22.593421052631577,2784.285,0.2876315789473684,743.6711111111111,291.4511111111111,51.75888888888889,27.080000000000002,24.74777777777778,1732.9911111111112,2.148888888888889
235,USA,2010,4969.282608695652,26307.63608695652,42.59913043478261,43.813478260869566,41.20173913043478,22.522173913043478,2465.941739130435,0.2843478260869565,626.2214285714286,193.34,53.69571428571429,24.46142857142857,20.448571428571427,2032.7014285714286,1.912857142857143
236,USA,2011,5091.157073170732,29129.001707317075,47.21512195121951,39.18,43.777317073170735,27.364634146341466,2188.4646341463417,0.2836585365853659,556.9666666666667,302.7077777777778,50.31,26.794444444444444,28.63222222222222,2110.1133333333332,1.8111111111111111
237,USA,2012,5866.305185185185,22835.843703703704,44.10703703703704,42.67629629629629,37.99018518518518,25.634444444444444,2216.128888888889,0.25351851851851853,589.28,286.6557142857143,53.03071428571428,25.648571428571426,29.545714285714286,1492.6785714285713,2.2864285714285715
238,USA,2013,5414.342325581395,24611.149999999998,46.58302325581395,43.604651162790695,43.2646511627907,25.11139534883721,2032.9953488372093,0.2667441860465116,318.78999999999996,352.40999999999997,49.1425,30.51375,23.555,2019.13875,1.5325
239,USA,2014,5913.970263157895,28079.35947368421,46.25052631578947,49.695,43.27552631578948,23.775526315789474,2607.9144736842104,0.2892105263157895,455.44545454545454,258.66636363636366,45.85454545454545,30.856363636363632,22.048181818181817,2111.8263636363636,1.9409090909090907
240,USA,2015,5584.321764705883,25517.113235294117,47.052058823529414,47.317647058823525,36.98235294117647,24.766176470588235,2377.805294117647,0.27705882352941175,451.5457142857143,247.3714285714286,49.78785714285714,33.30428571428571,23.839285714285715,1341.8114285714287,3.3885714285714283
241,USA,2016,6227.55,26890.11045454546,51.29022727272727,46.16590909090909,39.23068181818182,24.652272727272727,2359.7620454545454,0.2725,502.996,277.038,47.667,26.53,23.103,1739.9990000000003,2.645
242,USA,2017,5507.537894736842,29838.580263157895,51.16,42.52684210526316,40.63552631578948,23.311315789473685,2974.862105263158,0.2578947368421053,431.505,248.019,57.999,31.694,29.451999999999998,1529.067,2.304
243,USA,2018,5740.564390243902,25529.77048780488,46.54341463414634,39.81878048780488,38.45878048780488,28.394146341463415,2092.0958536585363,0.25682926829268293,568.125,275.02000000000004,41.669999999999995,29.94333333333333,18.656666666666666,1245.6716666666669,2.0283333333333333
244,USA,2019,5190.386739130435,24486.82804347826,50.213913043478264,45.87673913043478,39.43586956521739,23.378043478260867,3037.3971739130434,0.2608695652173913,547.864375,283.96875,46.826875,25.886875,22.580000000000002,1461.96625,2.825
245,USA,2020,5658.570444444444,23587.894666666667,51.208666666666666,48.217999999999996,41.632222222222225,25.823555555555554,2607.279333333333,0.24444444444444444,418.09700000000004,292.96999999999997,47.448,25.266,27.538,1510.6619999999998,2.431
246,USA,2021,5265.409215686274,24416.194901960782,50.46058823529411,45.07823529411764,40.32607843137255,25.443725490196076,2601.516666666667,0.2880392156862745,572.0939999999999,275.97799999999995,46.195,32.223,26.72,754.615,2.6279999999999997
247,USA,2022,5086.086363636364,25874.859772727275,42.72340909090909,46.57840909090908,41.602045454545454,25.722272727272728,2839.173409090909,0.26,440.97799999999995,292.039,54.81,30.918,22.637999999999998,2119.898,2.871
248,USA,2023,5298.929523809524,23586.35523809524,48.97309523809523,46.29071428571429,39.16761904761905,24.455238095238098,2406.3,0.24666666666666665,566.865,261.1975,62.94500000000001,25.2075,21.6325,1439.155,1.5975
249,USA,2024,4751.709189189189,26660.461351351354,50.98918918918919,39.181891891891894,38.24891891891892,25.246486486486486,2319.51027027027,0.2848648648648649,249.48499999999999,186.374,51.386,24.769,27.677,1771.1989999999998,1.638
